"ProductId","Image Url","Video Url","Product Desc","Origin Price","Discount Price","Discount","Currency","Commission Rate","Commission","Sales180Day","Positive Feedback","Promotion Url","Code Name","Code Start Time","Code End Time","Code Value","Code Quantity","Code Minimum Spend"
"1005004645761896","https://ae04.alicdn.com/kf/S62a611983ddf4cd1a908559ebb54fea3h.jpg","http://cloud.video.taobao.com/play/u/2675628091/p/1/e/6/t/1/1100080539508.mp4","Mn78 RC Car 1/12 2.4g Full Scale Cherokee Remote Control Car Four-wheel Drive Climbing Car Rc Toys For Boys Gifts","USD 55.61","USD 38.37","31%","USD","7","USD 2.69","37","73.3%","https://s.click.aliexpress.com/e/_DDVSiUn",,,,,,
"1005003494303812","https://ae04.alicdn.com/kf/H5ef39c4a96cf48d197380e3005db3640K.jpg","http://cloud.video.taobao.com/play/u/2675628091/p/1/e/6/t/1/333851220283.mp4","UdIRC 1603 1604 RTR Brushed Brushless Version 1/16 2.4G 4WD RC Car Led Light Drift Proportional Off Road Vehicles Toy Gift Kid","USD 95.38","USD 66.77","30%","USD","8.0","USD 5.34","2","null%","https://s.click.aliexpress.com/e/_DFguVwf",,,,,,
"1005003541172759","https://ae04.alicdn.com/kf/He3e4e51b7b73460293d20a3bc1d4e656k.jpg",,"G2063 1:12 Military War RC Car Battle Tank Heavy Large Interactive Remote Control Toy Car with Tail light spray Electronic Boy","USD 187.12","USD 134.73","28%","USD","7","USD 9.43","4","73.3%","https://s.click.aliexpress.com/e/_DDhi6xz",,,,,,
"1005004351863291","https://ae04.alicdn.com/kf/S5f54efebc0e84b40980e2e0b9dab2dfcg.jpg",,"WLtoys 104002 104001 High Speed Brushless RC Car 2.4G 60KM/H 1:10 4WD Off-Road Remote Control Racing Car Electric RC Car Toys","USD 452.80","USD 199.23","56%","USD","7","USD 13.95","17","83.3%","https://s.click.aliexpress.com/e/_DBPd18x",,,,,,
"1005003144174324","https://ae04.alicdn.com/kf/H8a504ec759e042aab7bbc87f0c4db81eu.jpg",,"TRX-6 G500 G63 Stainless Steel Sheet Anti-skid Plate Hood Anti Slide Plate For 1/10 RC Crawler Car Traxxas TRX4 TRX6","USD 34.00","USD 17.34","49%","USD","7","USD 1.21","6","0.0%","https://s.click.aliexpress.com/e/_DEIpbRZ",,,,,,
"1005002629372839","https://ae04.alicdn.com/kf/Hebcc87ff87f24191b5775b7bebe2ec05W.jpg",,"Tamiya TT-01 Metal Swing Shaft CVD 53792 for 1/10 RC Car TT01 TT-02 TT02 TA04 Upgrade Parts","USD 13.00","USD 6.63","49%","USD","7","USD 0.46","3","100.0%","https://s.click.aliexpress.com/e/_DFxwx7v",,,,,,
"1005003088123919","https://ae04.alicdn.com/kf/H43684b2ff982428dae96c31a56ab1781M.jpg","http://cloud.video.taobao.com/play/u/2675628091/p/1/e/6/t/1/320947702469.mp4","UDIRC SG 1603 RTR Brushless Several Battery 1/16 2.4G 4WD RC Car LED Light Drift Proportional Off Road Vehicles Toy Gift Kid","USD 102.01","USD 73.45","28%","USD","7","USD 5.14","3","40.0%","https://s.click.aliexpress.com/e/_DDX0OiF",,,,,,
"1005005094180402","https://ae04.alicdn.com/kf/S49c304514605431fa2a203fb80f72fd4L.jpg",,"1:12 2.4g Remote Control Car 6-channel High-speed Spray Remote Control Car With Light Sound Effect For Children Toys","USD 48.80","USD 39.04","20%","USD","7","USD 2.73","0","null%","https://s.click.aliexpress.com/e/_DEJOUYn",,,,,,
"1005003086403046","https://ae04.alicdn.com/kf/H3d67513c05764b388fe3acffa29cbf67e.jpg",,"MN 88S 1:16 RC Car Soviet 6WD Army Kaural Off-Road Crawler Car Vehicle Model Toy Kid Gift Remote Control Drift Machine Trucks","USD 93.97","USD 65.78","30%","USD","7","USD 4.60","2","100.0%","https://s.click.aliexpress.com/e/_DFzEO4P",,,,,,
"1005004914514815","https://ae04.alicdn.com/kf/Sb1199a8f73f747f3bb43e02ef46b551au.jpg",,"Fast & Furious 1:10 R/C 2002 Nissan Skyline GT-R  Electric Car for Kids  Rc Crawler 1/10  Karting","USD 78.88","USD 66.26","16%","USD","30.0","USD 19.88","0","null%","https://s.click.aliexpress.com/e/_DE9ksOL",,,,,,
"1005003351359828","https://ae04.alicdn.com/kf/Hf462026eb0d64f8f8923ee7679f823879.jpg",,"G500 MN86KS 1/12 MN Car KIT 2.4G 4WD 230MM Wheelbase Crawler Off Road 390 Brushed Motor Truck WPL MN RC Car 1:12 Unassembled DIY","USD 129.98","USD 64.99","50%","USD","7","USD 4.55","3","100.0%","https://s.click.aliexpress.com/e/_Dew2KjN",,,,,,
"1005002995763096","https://ae04.alicdn.com/kf/H08a0c7794ab54c24b65a892267b591e7S.jpg","http://cloud.video.taobao.com/play/u/2675628091/p/1/e/6/t/1/318656630332.mp4","WLtoys 12427 12428 2.4G 1:12 4WD Crawler Remote Control RC Car With LED Light Two Battery Buggy Vehicle Trucks Toys Kid","USD 89.43","USD 66.18","26%","USD","8.0","USD 5.29","5","65.0%","https://s.click.aliexpress.com/e/_DlbWHsF",,,,,,
"1005004843129092","https://ae04.alicdn.com/kf/Sedea9af440d1430f9d1df63afafacb1en.jpg","http://cloud.video.taobao.com/play/u/2675628091/p/1/e/6/t/1/1100092973455.mp4","Fms 1/24 12402 MAX 2.4G RC Car Small Metal Differential Door Bridge Two-speed Transmission High Speed Off-Road Model Toy","USD 217.09","USD 151.96","30%","USD","8.0","USD 12.16","4","100.0%","https://s.click.aliexpress.com/e/_DmD2fcL",,,,,,
"1005004321588927","https://ae04.alicdn.com/kf/Sda8365ff90c04b93a0759dd6c28385e91.jpg","http://cloud.video.taobao.com/play/u/2675628091/p/1/e/6/t/1/1100036958158.mp4","1:16 4WD RC Car SG1603 1604 2.4G Drift Car 60Km/H High Speed RTR Trucks ESP LED Light Off-Road Trucks boys Toys for Children","USD 93.92","USD 65.74","30%","USD","8.0","USD 5.26","6","null%","https://s.click.aliexpress.com/e/_DBRy4P9",,,,,,
"1005004785358999","https://ae04.alicdn.com/kf/S8e54d9cf05014f5d92d3a42112e57216Q.jpg","http://cloud.video.taobao.com/play/u/2675628091/p/1/e/6/t/1/1100098676530.mp4","RC Car 4WD 2.4G Water Bomb Tank Gesture Radio Remote Controlled Shooting Competitive 360°Stunt Drift Off-road Car Kids Toy Gifts","USD 82.00","USD 41.82","49%","USD","8.0","USD 3.35","5","null%","https://s.click.aliexpress.com/e/_DCUfLtl",,,,,,
"1005004751655705","https://ae04.alicdn.com/kf/S2f43a53bb7fd42b59f4acfa2d303d6bcj.jpg","http://cloud.video.taobao.com/play/u/2675628091/p/1/e/6/t/1/1100088108241.mp4","NEW HS 18331 18332 1:18 4WD RC CAR 40KM/H High Speed Racing Off-Road Vehicle Drive Car Remote Control Toys Buggy 1/18 Cars","USD 78.92","USD 46.56","41%","USD","8.0","USD 3.72","8","100.0%","https://s.click.aliexpress.com/e/_Dd0ZEFV",,,,,,
"1005004966416422","https://ae04.alicdn.com/kf/S80ea4dbf7a244a80b83eb00fb917ceaag.jpg",,"For Fms FXC24 POWER WAGON 12401 1/24 2.4g 4wd Rc Car Crawler Led Lights Off-road Truck Vehicles Models Toys Boys Gift","USD 252.10","USD 126.05","50%","USD","7","USD 8.82","7","null%","https://s.click.aliexpress.com/e/_DlcGrQf",,,,,,
"1005003898486520","https://ae04.alicdn.com/kf/Sb06ef35c599549418bc7c4ab0b19457cW.jpg","http://cloud.video.taobao.com/play/u/2675628091/p/1/e/6/t/1/1100016871750.mp4","2.4G Anti Gravity Wall Climbing Remote Control Wall Climbing RC Car  Antigravity Auto Toy Cars Wristwatch Novel Gift For 7-18y+","USD 29.17","USD 20.42","30%","USD","7","USD 1.43","11","100.0%","https://s.click.aliexpress.com/e/_DFiI2E7",,,,,,
"1005004856292045","https://ae04.alicdn.com/kf/Sb7decd61a10a4aec8c9d6281fb50d93bb.jpg","http://cloud.video.taobao.com/play/u/2675628091/p/1/e/6/t/1/346667686470.mp4","RC Cars Off Road 4x4 with LED Headlight 1/16 Scale Rock Crawler 4WD 2.4G 50KM High Speed Drift Remote Control Monster Truck Toys","USD 105.28","USD 68.43","35%","USD","8.0","USD 5.47","6","20.0%","https://s.click.aliexpress.com/e/_Dd5WiKL",,,,,,
"1005004763236821","https://ae04.alicdn.com/kf/S5dd8702f5aec44dd97f0d91c814f793b9.jpg","http://cloud.video.taobao.com/play/u/2675628091/p/1/e/6/t/1/1100088695552.mp4","1:12 37CM Big 4WD RC Car 2.4G Radio Control Car Buggy Off-Road 4x4 Remote Control Trucks Boys Toys for Children Free Shipping","USD 98.67","USD 38.48","61%","USD","7","USD 2.69","2","null%","https://s.click.aliexpress.com/e/_DnokFrp",,,,,,
"1005005094159646","https://ae04.alicdn.com/kf/S9c327c337f0d423da05e25884e0905b1P.jpg",,"Children Stunt Remote Control Car 4wd Gesture Induction Twisting Off-road Vehicle With Light Music For Boys Gifts","USD 53.22","USD 39.91","25%","USD","7","USD 2.79","0","null%","https://s.click.aliexpress.com/e/_DkuSFGx",,,,,,
"1005002776704048","https://ae04.alicdn.com/kf/H4635257308b64dd2b326f09c4deba535n.jpg","http://cloud.video.taobao.com/play/u/2675628091/p/1/e/6/t/1/313904059741.mp4","Huina 1573 1/14 2.4Ghz 10CH Rc Graafmachine Bouwvoertuigen Oplaadbare Metal Auto Demonstratie Led Light Rc Truck Speelgoed","USD 77.68","USD 54.38","30%","USD","7","USD 3.81","1","0.0%","https://s.click.aliexpress.com/e/_DeL28e7",,,,,,
"1005004954424191","https://ae04.alicdn.com/kf/A0f3011adb4044aa18f84a25f55ed98515.jpg",,"4WD 1:16 RC Car With LED Lights Spray 2.4G Radio Remote Control Cars Buggy Off-Road Control Trucks Boys Toys For Children Gifts","USD 87.83","USD 44.79","49%","USD","7","USD 3.14","17","100.0%","https://s.click.aliexpress.com/e/_DB7QxSB",,,,,,
"1005003069781196","https://ae04.alicdn.com/kf/H2e9ad88c265b4c3dbf9ab14bfdc6d300f.jpg","http://cloud.video.taobao.com/play/u/2675628091/p/1/e/6/t/1/319727128654.mp4","MN45 1/12 RC Car Simulation Drift Climbing Truck LED Light on-road 130 Brushed Motor for Kids Gifts Toys VS WLtoys 144001","USD 55.37","USD 40.97","26%","USD","8.0","USD 3.28","3","73.3%","https://s.click.aliexpress.com/e/_DB0yVgx",,,,,,
"1005003918593060","https://ae04.alicdn.com/kf/Se9d4f2e5c3bd417cbaf042d225a4964e7.jpg","http://cloud.video.taobao.com/play/u/2675628091/p/1/e/6/t/1/349251207612.mp4","New RC Car 720P 1080P HD Camera Metal Frame High-speed  Remote Control Truck Vehicle Climb Car Toy for Boys","USD 74.50","USD 48.42","35%","USD","8.0","USD 3.87","6","80.0%","https://s.click.aliexpress.com/e/_DCWYPNl",,,,,,
"1005004857808960","https://ae04.alicdn.com/kf/Sef4cbb33e25f4b788d0b38315ae133d9E.jpg",,"4WD RC Car 2.4GHz Remote Control Drift Stunt Car Amphibious Double-sided Tumbling Driving Off-Road Vehicle Cars Toys Gift Kid","USD 22.77","USD 15.94","30%","USD","7","USD 1.12","11","100.0%","https://s.click.aliexpress.com/e/_DDJqAuX",,,,,,
"1005003112404303","https://ae04.alicdn.com/kf/H774124fafab5410eb695a44e6b25f94dh.jpg","http://cloud.video.taobao.com/play/u/2675628091/p/1/e/6/t/1/320505084810.mp4","1:12 Scale MN Model RTR Version WPL RC Car 2.4G 4WD MN99S MN99-S RC Rock Crawler D90 Defender Pickup Remote Control Truck Toys","USD 87.41","USD 62.06","29%","USD","7","USD 4.34","19","85.0%","https://s.click.aliexpress.com/e/_Dd1I6iF",,,,,,
"1005004779371026","https://ae04.alicdn.com/kf/S584af72eb3e944ab9580a7a7aba54cc31.jpg","http://cloud.video.taobao.com/play/u/2675628091/p/1/e/6/t/1/1100089572089.mp4","4WD Rc Cars Off Road 4x4 2.4G 50KM High Speed Electric Car Drift Remote Control Truck with LED Light Toys for Kids Adults","USD 54.99","USD 41.79","24%","USD","7","USD 2.93","3","100.0%","https://s.click.aliexpress.com/e/_DEl4BIn",,,,,,
"1005004854369306","https://ae04.alicdn.com/kf/S1ea84a213f9d4110b61ca66b052449f1y.jpg","http://cloud.video.taobao.com/play/u/2675628091/p/1/e/6/t/1/1100093603887.mp4","RC Car Toys 2.4G Remote Control Excavator Dump Truck Bulldozer Car Model Engineering Vehicle Kids Christmas Birthday Gifts","USD 43.00","USD 28.38","34%","USD","11.0","USD 3.12","42","100.0%","https://s.click.aliexpress.com/e/_DD6L5dN",,,,,,
"1005004830083236","https://ae04.alicdn.com/kf/S5576a632a7394d49bf7dac7cff3ca7e3G.jpg","http://cloud.video.taobao.com/play/u/2675628091/p/1/e/6/t/1/1100092214886.mp4","1:24 Toys Remote Control Machine Crawler Electrical Metal RC Excavator Item Electric Alloy Excavator Truck Model Toys","USD 29.11","USD 19.21","34%","USD","7","USD 1.34","2","null%","https://s.click.aliexpress.com/e/_DndJzlN",,,,,,
"1005004241368975","https://ae04.alicdn.com/kf/S59b371b55c6449ccbbba136c692f66dfk.jpg",,"ZD Racing 9021-V3 1/8 2.4G 4WD 80km/h Brushless Rc Car Full Scale Electric Truggy  Toys For Children Toys","USD 414.86","USD 294.55","29%","USD","8.0","USD 23.56","11","100.0%","https://s.click.aliexpress.com/e/_DeXSUOL",,,,,,
"1005004908838357","https://ae04.alicdn.com/kf/S1e82ec91032d43719b703e581981f2d99.jpg","http://cloud.video.taobao.com/play/u/2675628091/p/1/e/6/t/1/1100096877072.mp4","Alloy RC Toy Car Spray Stunt Car 2.4g High Speed Racing Drift Skeleton Car Toy Remote Control Car Children's Sports Car","USD 51.87","USD 33.72","35%","USD","11.0","USD 3.71","0","0.0%","https://s.click.aliexpress.com/e/_DdrUOYr",,,,,,
"1005002597513751","https://ae04.alicdn.com/kf/Hb7298b41af594149be49c2bff6255a8fw.jpg",,"2.4G 1/58 Mini RC Remote Control Racing Car with Light 2 Mode APP Control Chargable Multiplayer Together Vehicle Cola Can Box","USD 8.89","USD 6.22","30%","USD","7","USD 0.44","4","20.0%","https://s.click.aliexpress.com/e/_DFHhCLz",,,,,,
"1005004714983885","https://ae04.alicdn.com/kf/S51e6d67ec87f4b3d9d724a046f73852c0.jpg","http://cloud.video.taobao.com/play/u/2675628091/p/1/e/6/t/1/1100085810237.mp4","UDIRC UD 1603 1604 Pro RC Car 2.4G 1/16 50km/H High Speed Brushless 4WD Drift Car LED Light RTR Remote Control Vehicles Toy Gift","USD 56.92","USD 39.27","31%","USD","8.0","USD 3.14","3","null%","https://s.click.aliexpress.com/e/_DCiurGx",,,,,,
"1005005072076054","https://ae04.alicdn.com/kf/Se635b0c5b5604556b9fe5df9135328b0Z.jpg","http://cloud.video.taobao.com/play/u/2675628091/p/1/e/6/t/1/1100086581096.mp4","2in1 RC Car 2.4GHz Remote Control Boat Waterproof Radio Controlled Stunt Car 4WD Vehicle All Terrain Beach Pool Toys for Boys","USD 41.17","USD 24.70","40%","USD","8.0","USD 1.98","0","null%","https://s.click.aliexpress.com/e/_DeNos4X",,,,,,
"1005005094153701","https://ae04.alicdn.com/kf/S829da5ac612c4c6b969462f0ae4c9e78p.jpg",,"Remote Control Car Mecha Guardian Gesture Sensor Dual Control Programming Spray Stunt Tank Car With Music","USD 409.87","USD 327.90","20%","USD","7","USD 22.95","0","null%","https://s.click.aliexpress.com/e/_DDuUp1l",,,,,,
"1005004714944348","https://ae04.alicdn.com/kf/S31f7505d428445fc902ec1e7ff61d36dC.jpg","http://cloud.video.taobao.com/play/u/2675628091/p/1/e/6/t/1/1100085803558.mp4","UDIRC UD 1603 1604 Pro RC Car 2.4G 1/16 50km/H High Speed Brushless 4WD Drift Car LED Light RTR Remote Control Vehicles Toy Gift","USD 56.92","USD 39.27","31%","USD","8.0","USD 3.14","6","100.0%","https://s.click.aliexpress.com/e/_DEQoFlN",,,,,,
"1005005094145911","https://ae04.alicdn.com/kf/S68e296826d27459199c50d88a1c760d6Q.jpg",,"Remote Control Racing Car 6-channel Automatic Demonstration Spray Remote Control Climbing Car With Searchlight","USD 40.85","USD 26.55","35%","USD","7","USD 1.86","0","null%","https://s.click.aliexpress.com/e/_DmbCviP",,,,,,
"1005004625991021","https://ae04.alicdn.com/kf/S8d06aa6938514e8fabe39ba08a2a541aT.jpg",,"4Pcs 100X42mm 5-Spoke Tire Tyre 17Mm Wheel Hex For Arrma 1/7 Infraction Felony Limitless RC Car Upgrade Parts","USD 44.79","USD 29.11","35%","USD","7","USD 2.04","3","100.0%","https://s.click.aliexpress.com/e/_DnCijOf",,,,,,
"1005004186451693","https://ae04.alicdn.com/kf/S09fcc2753b4f4c288733557ff872189bv.jpg","http://cloud.video.taobao.com/play/u/2675628091/p/1/e/6/t/1/1100014718448.mp4","Arrma 1/7 INFRACTION V2 Felony Stainless Steel Front Bumper Chassis Armor Protector Anti Skid Plate For RC Car","USD 38.00","USD 19.38","49%","USD","7","USD 1.36","5","100.0%","https://s.click.aliexpress.com/e/_DkdwcJ9",,,,,,
"1005005094209096","https://ae04.alicdn.com/kf/S516facfcfe254e8d85d1f64ebddab4df1.jpg",,"1:10 Remote Control Car Spray Off-road Vehicle Gesture Sensing Climbing Car Toys For Boys Christmas Gifts","USD 52.87","USD 42.30","20%","USD","7","USD 2.96","0","null%","https://s.click.aliexpress.com/e/_DlFVyTz",,,,,,
"1005003494728353","https://ae04.alicdn.com/kf/H238c8287ab244bfe9e2f48682e448e833.jpg","http://cloud.video.taobao.com/play/u/2675628091/p/1/e/6/t/1/335744031331.mp4","RC excavator Dumper Bulldozer 2.4G Remote control forklift tractor RC Car Diggy caterpillar Engineering Vehicle toys for boy kid","USD 191.94","USD 38.39","80%","USD","8.0","USD 3.07","5","100.0%","https://s.click.aliexpress.com/e/_DmppIon",,,,,,
"1005005068371707","https://ae04.alicdn.com/kf/S7f65718d7a1c41c19e6f3be89daa0d2eT.jpg","http://cloud.video.taobao.com/play/u/2675628091/p/1/e/6/t/1/1100110160090.mp4","20KM/H 2.4G Racing RC Car Electric High Speed Off-Road Remote Control Cars Drift Toys for Kids and Adults","USD 48.77","USD 29.26","40%","USD","10.0","USD 2.93","1","null%","https://s.click.aliexpress.com/e/_DEjxzbZ",,,,,,
"1005003414313447","https://ae04.alicdn.com/kf/H77a41c27980a45c2a059431995b1b522j.jpg",,"DumboRC X6 2.4G 6CH Transmitter with X6F X6FG Receiver for JJRC Q65 MN-90 Rc Car Boat Tank Model Parts","USD 7.94","USD 7.94","0%","USD","7","USD 0.56","36","97.5%","https://s.click.aliexpress.com/e/_DkR3gKF",,,,,,
"1005004832176483","https://ae04.alicdn.com/kf/S9a6edd8a044349ef8c926cc390707a92Y.jpg","http://cloud.video.taobao.com/play/u/2675628091/p/1/e/6/t/1/1100092443686.mp4","1:16 Full Scale High-speed 2.4G Remote Control Car 4WD Off-road Vehicle Racing Car Toy For Boys Gifts Scy16103","USD 69.96","USD 34.98","50%","USD","7","USD 2.45","1","100.0%","https://s.click.aliexpress.com/e/_DnE7JSf",,,,,,
"1005004129908049","https://ae04.alicdn.com/kf/S59886d6a72cd4c51bff769b9be04f84bX.jpg","http://cloud.video.taobao.com/play/u/2675628091/p/1/e/6/t/1/1100008111518.mp4","HBX 2188A 1:18 RC Car 2.4G Off Road 4WD Drift Racing Car Championship Vehicle Remote Control Electronic Kids Hobby Toys Gift","USD 55.26","USD 38.68","30%","USD","8.0","USD 3.09","5","100.0%","https://s.click.aliexpress.com/e/_DdMsszZ",,,,,,
"1005003678783803","https://ae04.alicdn.com/kf/H48d38538f7f14b88b86dfde273a02016Y.jpg","http://cloud.video.taobao.com/play/u/2675628091/p/1/e/6/t/1/341680163652.mp4","HS 18301/18302 1/18 2.4G 4WD 40 + MPH High Speed Remote Control RC Racing Car OFF-Road Vehicle Toys Christmas gift","USD 42.87","USD 30.01","30%","USD","8.0","USD 2.40","5","100.0%","https://s.click.aliexpress.com/e/_DnqxfwP",,,,,,
"1005004556671086","https://ae04.alicdn.com/kf/S17916bcff5c14979843f1474fab48041k.jpg","http://cloud.video.taobao.com/play/u/2675628091/p/1/e/6/t/1/1100069746743.mp4","Rc Cars Off Road Headlight 1/16 Scale Crawler 4WD 2.4G 50KM High Speed Drift Remote Control Monster Truck Toys For Kid Wltoys","USD 87.34","USD 62.88","28%","USD","7","USD 4.40","10","100.0%","https://s.click.aliexpress.com/e/_DdYYprt",,,,,,
"1005004584410551","https://ae04.alicdn.com/kf/S8f815b8f718d43888ae52d8bbe06f489F.jpg",,"Children Cartoon Dinosaur RC Remote Control Car Watch Toy Electric Wrist Rechargeable Wrist Racing Car Watch For Boys Girls Gift","USD 6.44","USD 4.51","30%","USD","7","USD 0.32","3","null%","https://s.click.aliexpress.com/e/_Dkc8SpD",,,,,,
"1005005094140885","https://ae04.alicdn.com/kf/S794ead680ee6414595d4c80497faf6a22.jpg",,"Children Amphibious Remote Control Car Waterproof Anti-collision 306 Degree Rotation Electric Remote Control Car","USD 32.43","USD 22.70","30%","USD","7","USD 1.59","0","null%","https://s.click.aliexpress.com/e/_DlEsLxt",,,,,,
